<?xml version="1.0" encoding="UTF-8"?>
<project-private xmlns="http://www.netbeans.org/ns/project-private/1">
    <editor-bookmarks xmlns="http://www.netbeans.org/ns/editor-bookmarks/2" lastBookmarkId="0"/>
    <open-files xmlns="http://www.netbeans.org/ns/projectui-open-files/2">
        <group>
            <file>file:/C:/Users/vkrte_000/Documents/NetBeansProjects/JAVA/ZK2-Client/src/zk2/client/ZK2Client.java</file>
            <file>file:/C:/Users/vkrte_000/Documents/NetBeansProjects/JAVA/ZK2-Client/src/graphic/View2.java</file>
            <file>file:/C:/Users/vkrte_000/Documents/NetBeansProjects/JAVA/ZK2-Client/src/clients/ShopClient.java</file>
            <file>file:/C:/Users/vkrte_000/Documents/NetBeansProjects/JAVA/ZK2-Client/src/graphic/View.java</file>
        </group>
    </open-files>
</project-private>
